{"columns":[[0,0,10],[0,1,9],[0,2,8],[0,3,7],[0,4,6],[0,5,5],[0,6,4],[0,7,3],[0,8,2],[0,9,1],[0,10,0],[1,0,9],[1,1,8],[1,2,7],[1,3,6],[1,4,5],[1,5,4],[1,6,3],[1,7,2],[1,8,1],[1,9,0],[2,0,8],[2,1,7],[2,2,6],[2,3,5],[2,4,4],[2,5,3],[2,6,2],[2,7,1],[2,8,0],[3,0,7],[3,1,6],[3,2,5],[3,3,4],[3,4,3],[3,5,2],[3,6,1],[3,7,0],[4,0,6],[4,1,5],[4,2,4],[4,3,3],[4,4,2],[4,5,1],[4,6,0],[5,0,5],[5,1,4],[5,2,3],[5,3,2],[5,4,1],[5,5,0],[6,0,4],[6,1,3],[6,2,2],[6,3,1],[6,4,0],[7,0,3],[7,1,2],[7,2,1],[7,3,0],[8,0,2],[8,1,1],[8,2,0],[9,0,1],[9,1,0],[10,0,0]],"index":[4,7,10,13,16],"data":[[0.2174833598,0.3656875557,0.5674286337,0.6086874457,0.6753888245,0.6588587679,0.6779732493,0.6906756164,0.553263955,0.3360811258,0.2196534361,0.3640390128,0.4810305836,0.6378588431,0.6953720263,0.6434867092,0.6541902357,0.6817693745,0.5979676971,0.5105422324,0.3800932524,0.5379127924,0.6241566927,0.6906220717,0.6862988828,0.6758840108,0.6449037901,0.6669861766,0.6362153901,0.5241169698,0.6482016544,0.6665537389,0.6560491501,0.6908916705,0.6529859779,0.6561227856,0.6503328126,0.6623608379,0.658591127,0.6437806818,0.6599052293,0.6935921301,0.6843153328,0.6739918122,0.6837791678,0.6836000875,0.6713415999,0.6939680164,0.6833940954,0.635011906,0.6684845062,0.7069908152,0.6699442177,0.6443112506,0.7056603746,0.6833460862,0.6559628403,0.6270972729,0.6100133865,0.6356166168,0.5413905752,0.5157427056,0.5359086056,0.3605449066,0.363235674,0.2097063646],[0.133437511,0.2077021669,0.3210055189,0.4670196298,0.650718182,0.6945134036,0.6537656439,0.4930277012,0.3529010257,0.2158220116,0.1344041802,0.2030458092,0.2683262239,0.416155398,0.5386228768,0.6624725566,0.6382047319,0.5413868235,0.4084915721,0.2651622982,0.2090204547,0.3559455764,0.4105560355,0.5228723345,0.6430629866,0.6767148454,0.6321758883,0.520458411,0.3879214005,0.3319178145,0.4918706919,0.5390076262,0.7080033723,0.6792691845,0.694042147,0.6169312262,0.5437554649,0.4839807287,0.6411167972,0.6722808168,0.7000865269,0.7324448719,0.6842771795,0.6493597283,0.5994330525,0.6730674424,0.6411954048,0.6456246612,0.6413471689,0.6462536681,0.6656708638,0.6400539915,0.5426062612,0.5023013186,0.5363819068,0.6026952474,0.4815851666,0.4062011705,0.392731298,0.4739641068,0.3135780032,0.2700380151,0.3376038586,0.2076122735,0.206921372,0.1377125984],[0.1054063273,0.1362781911,0.2149487924,0.3423855133,0.5124889408,0.684202507,0.4706098306,0.3290554867,0.2198146475,0.1375997236,0.1130048179,0.1434837549,0.1556331459,0.2272614072,0.3356965988,0.4681398164,0.42018213,0.3251713453,0.2271950369,0.1554660295,0.1315121788,0.2039994,0.2084603911,0.3011963387,0.3536106023,0.4012140794,0.3623634332,0.276751541,0.2325533194,0.2154668684,0.32932284,0.3201454472,0.3523504911,0.3976452026,0.4015533577,0.3518438971,0.3410072159,0.3425725159,0.5081843834,0.4395773795,0.4142021481,0.3899743144,0.4064967472,0.426513206,0.5060143396,0.6547959062,0.4359814486,0.3462430395,0.3441622871,0.4528986089,0.6761444804,0.5175923274,0.312174359,0.2985985105,0.3292653512,0.5347530931,0.2998605324,0.2264434396,0.2400726947,0.3178356954,0.2011118548,0.1668925473,0.2012589469,0.1307992898,0.1449990362,0.1105103966],[0.0749461546,0.077660667,0.0948604484,0.1371277518,0.2385598166,0.4538994035,0.2480703618,0.1485091645,0.095830782,0.0707787718,0.065131769,0.0749343677,0.0857748315,0.097401845,0.1197944646,0.1593727374,0.1561412824,0.1187195862,0.1023962093,0.0807651838,0.0825996513,0.1034515897,0.1021390264,0.1024028743,0.1264267081,0.1240635371,0.1140148509,0.1034702448,0.1077081571,0.0939445445,0.1332927437,0.1208517971,0.1088667451,0.1081101512,0.1043364793,0.1186076305,0.1344560756,0.1454148204,0.2386847123,0.1596806301,0.1284429417,0.1049548758,0.1129274216,0.1521729706,0.2480728753,0.3838668844,0.1475540386,0.0994337271,0.1108017012,0.149404331,0.4467093376,0.2491621879,0.1149807056,0.1156357664,0.1287160358,0.2290868577,0.1417351904,0.0868425248,0.0957527886,0.1291375482,0.1004811082,0.0799269334,0.1111082082,0.0816230325,0.075710349,0.0602247059],[0.0134312597,-0.0021699,0.0078633089,0.0253830631,0.0679616954,0.1014715648,0.0522629924,0.0270701239,0.0148572849,0.0051698054,0.0047328928,0.001882569,0.0071306063,0.0117464334,0.0180937772,0.0190671221,0.0193016905,0.0109619601,0.0069216021,0.0039244368,-0.00124076,0.0049047255,0.0072144565,0.0140908457,0.0021172512,0.0040343435,0.0107516543,0.0094639282,0.0110849836,0.0238105761,0.0330475599,0.0202567054,0.0116217248,0.0119053254,0.0064701948,0.0204638134,0.0179695763,0.0374884512,0.0973096464,0.0085971021,0.0025976706,0.0072175171,0.0157230916,0.0314950485,0.066746213,0.1090505329,0.0263733482,0.0093473889,0.0060663743,0.0257168847,0.0688585641,0.0631392034,0.0101462121,0.0098632993,0.020805094,0.0467474117,0.0306165889,0.0038271957,0.0172252046,0.0370700847,0.0169292319,-0.0035627845,0.0157439968,0.0043380882,0.003994068,0.0107026077]]}